{
  "uuid": null,
  "name": null,
  "description": null,
  "childFolders": [
    {
      "uuid": "INE-ANIMAL",
      "name": "ine zvierata",
      "description": "other animals",
      "childFolders": [
        {
          "uuid": "UUID1.1",
          "name": "uuid1.1",
          "description": "other animals",
          "childFolders": [
            {
              "uuid": "UUID1.1.1",
              "name": "uuid1.1.1",
              "description": "other animals"

            },
            {
              "uuid": "UUID1.1.2",
              "name": "uuid1.1.2",
              "description": "other services"
            },
            {
              "uuid": "UUID1.1.3",
              "name": "uuid1.1.3",
              "description": "other products"
            }
          ]
        },
        {
          "uuid": "UUID1.2",
          "name": "uuid1.2",
          "description": "other services",
          "childFolders": [
            {
              "uuid": "UUID1.2.1",
              "name": "uuid1.2.1",
              "description": "other animals"

            },
            {
              "uuid": "UUID1.2.2",
              "name": "uuid1.2.2",
              "description": "other services"
            },
            {
              "uuid": "UUID1.2.3",
              "name": "uuid1.2.3",
              "description": "other products"
            }
          ]
        },
        {
          "uuid": "UUID1.3",
          "name": "uuid1.3",
          "description": "other products",
          "childFolders": [
            {
              "uuid": "UUID1.3.1",
              "name": "uuid1.3.1",
              "description": "other animals"

            },
            {
              "uuid": "UUID1.3.2",
              "name": "uuid1.3.2",
              "description": "other services"
            },
            {
              "uuid": "UUID1.3.3",
              "name": "uuid1.3.3",
              "description": "other products"
            }
          ]
        }
      ]
    },
    {
      "uuid": "INE-SERVICE",
      "name": "ine sluzby",
      "description": "other services",
      "childFolders": [
        {
          "uuid": "UUID2.1",
          "name": "uuid2.1",
          "description": "other animals"
        },
        {
          "uuid": "UUID2.2",
          "name": "uuid2.2",
          "description": "other services"
        },
        {
          "uuid": "UUID2.3",
          "name": "uuid2.3",
          "description": "other products"
        }
      ]
    },
    {
      "uuid": "INE-PRODUCT",
      "name": "ine produkty",
      "description": "other products",
      "childFolders": [
        {
          "uuid": "UUID3.1",
          "name": "uuid3.1",
          "description": "other animals"
        },
        {
          "uuid": "UUID3.2",
          "name": "uuid3.2",
          "description": "other services"
        },
        {
          "uuid": "UUID3.3",
          "name": "uuid3.3",
          "description": "other products"
        }
      ]
    }
  ]
}