{
  "locationCountryPojo": {
    "countryId": 1,
    "country": "Slovensko",
    "code": "SK",
    "locationRegionPojos": [
      {
        "regionId": 1,
        "region": "Banskobystrický kraj",
        "locationProvincePojos": [
          {
            "provinceId": 2,
            "province": "Banská Bystrica"
          },
          {
            "provinceId": 3,
            "province": "Banská Štiavnica"
          },
          {
            "provinceId": 10,
            "province": "Brezno"
          },
          {
            "provinceId": 13,
            "province": "Detva"
          },
          {
            "provinceId": 28,
            "province": "Krupina"
          },
          {
            "provinceId": 33,
            "province": "Lučenec"
          },
          {
            "provinceId": 46,
            "province": "Poltár"
          },
          {
            "provinceId": 52,
            "province": "Revúca"
          },
          {
            "provinceId": 53,
            "province": "Rimavská Sobota"
          },
          {
            "provinceId": 73,
            "province": "Veľký Krtíš"
          },
          {
            "provinceId": 76,
            "province": "Zvolen"
          },
          {
            "provinceId": 77,
            "province": "Žarnovica"
          },
          {
            "provinceId": 78,
            "province": "Žiar nad Hronom"
          }
        ]
      },
      {
        "regionId": 2,
        "region": "Bratislavský kraj",
        "locationProvincePojos": [
          {
            "provinceId": 5,
            "province": "Bratislava I"
          },
          {
            "provinceId": 6,
            "province": "Bratislava II"
          },
          {
            "provinceId": 7,
            "province": "Bratislava III"
          },
          {
            "provinceId": 8,
            "province": "Bratislava IV"
          },
          {
            "provinceId": 9,
            "province": "Bratislava V"
          },
          {
            "provinceId": 34,
            "province": "Malacky"
          },
          {
            "provinceId": 44,
            "province": "Pezinok"
          },
          {
            "provinceId": 57,
            "province": "Senec"
          }
        ]
      },
      {
        "regionId": 3,
        "region": "Košický kraj",
        "locationProvincePojos": [
          {
            "provinceId": 17,
            "province": "Gelnica"
          },
          {
            "provinceId": 23,
            "province": "Košice I"
          },
          {
            "provinceId": 24,
            "province": "Košice II"
          },
          {
            "provinceId": 25,
            "province": "Košice III"
          },
          {
            "provinceId": 26,
            "province": "Košice IV"
          },
          {
            "provinceId": 27,
            "province": "Košice-okolie"
          },
          {
            "provinceId": 37,
            "province": "Michalovce"
          },
          {
            "provinceId": 54,
            "province": "Rožňava"
          },
          {
            "provinceId": 61,
            "province": "Sobrance"
          },
          {
            "provinceId": 62,
            "province": "Spišská Nová Ves"
          },
          {
            "provinceId": 68,
            "province": "Trebišov"
          }
        ]
      },
      {
        "regionId": 4,
        "region": "Nitriansky kraj",
        "locationProvincePojos": [
          {
            "provinceId": 22,
            "province": "Komárno"
          },
          {
            "provinceId": 30,
            "province": "Levice"
          },
          {
            "provinceId": 40,
            "province": "Nitra"
          },
          {
            "provinceId": 42,
            "province": "Nové Zámky"
          },
          {
            "provinceId": 66,
            "province": "Šaľa"
          },
          {
            "provinceId": 67,
            "province": "Topoľčany"
          },
          {
            "provinceId": 75,
            "province": "Zlaté Moravce"
          },
          {
            "provinceId": 80,
            "province": "Štúrovo"
          }
        ]
      },
      {
        "regionId": 5,
        "region": "Prešovský kraj",
        "locationProvincePojos": [
          {
            "provinceId": 4,
            "province": "Bardejov"
          },
          {
            "provinceId": 19,
            "province": "Humenné"
          },
          {
            "provinceId": 21,
            "province": "Kežmarok"
          },
          {
            "provinceId": 31,
            "province": "Levoča"
          },
          {
            "provinceId": 36,
            "province": "Medzilaborce"
          },
          {
            "provinceId": 47,
            "province": "Poprad"
          },
          {
            "provinceId": 49,
            "province": "Prešov"
          },
          {
            "provinceId": 56,
            "province": "Sabinov"
          },
          {
            "provinceId": 60,
            "province": "Snina"
          },
          {
            "provinceId": 63,
            "province": "Stará Ľubovňa"
          },
          {
            "provinceId": 64,
            "province": "Stropkov"
          },
          {
            "provinceId": 65,
            "province": "Svidník"
          },
          {
            "provinceId": 74,
            "province": "Vranov nad Topľou"
          }
        ]
      },
      {
        "regionId": 6,
        "region": "Trenčiansky kraj",
        "locationProvincePojos": [
          {
            "provinceId": 1,
            "province": "Bánovce nad Bebravou"
          },
          {
            "provinceId": 20,
            "province": "Ilava"
          },
          {
            "provinceId": 38,
            "province": "Myjava"
          },
          {
            "provinceId": 41,
            "province": "Nové Mesto nad Váhom"
          },
          {
            "provinceId": 43,
            "province": "Partizánske"
          },
          {
            "provinceId": 48,
            "province": "Považská Bystrica"
          },
          {
            "provinceId": 50,
            "province": "Prievidza"
          },
          {
            "provinceId": 51,
            "province": "Púchov"
          },
          {
            "provinceId": 69,
            "province": "Trenčín"
          }
        ]
      },
      {
        "regionId": 7,
        "region": "Trnavský kraj",
        "locationProvincePojos": [
          {
            "provinceId": 15,
            "province": "Dunajská Streda"
          },
          {
            "provinceId": 16,
            "province": "Galanta"
          },
          {
            "provinceId": 18,
            "province": "Hlohovec"
          },
          {
            "provinceId": 45,
            "province": "Piešťany"
          },
          {
            "provinceId": 58,
            "province": "Senica"
          },
          {
            "provinceId": 59,
            "province": "Skalica"
          },
          {
            "provinceId": 70,
            "province": "Trnava"
          }
        ]
      },
      {
        "regionId": 8,
        "region": "Žilinský kraj",
        "locationProvincePojos": [
          {
            "provinceId": 11,
            "province": "Bytča"
          },
          {
            "provinceId": 12,
            "province": "Čadca"
          },
          {
            "provinceId": 14,
            "province": "Dolný Kubín"
          },
          {
            "provinceId": 29,
            "province": "Kysucké Nové Mesto"
          },
          {
            "provinceId": 32,
            "province": "Liptovský Mikuláš"
          },
          {
            "provinceId": 35,
            "province": "Martin"
          },
          {
            "provinceId": 39,
            "province": "Námestovo"
          },
          {
            "provinceId": 55,
            "province": "Ružomberok"
          },
          {
            "provinceId": 71,
            "province": "Turčianske Teplice"
          },
          {
            "provinceId": 72,
            "province": "Tvrdošín"
          },
          {
            "provinceId": 79,
            "province": "Žilina"
          }
        ]
      }
    ]
  }
}