[
  {
    "coin": "AMP",
    "name": "Synereo AMP",
    "total_balance": 0,
    "on_orders": 0,
    "btc_value": 0,
    "delisted": true,
    "deposit_address": "Adsf45dfgsa54asdfg444dfgsgafd",
    "withdraw_address": "Gh4rty6hj5rty847h98fgn4fg"
  },
  {
    "coin": "ARDR",
    "name": "Ardor",
    "total_balance": 1236.35,
    "on_orders": 0,
    "btc_value": 0,
    "delisted": false,
    "deposit_address": "Bdsf45dfgsa54asdfg444dfgsgafd",
    "withdraw_address": "Hh4rty6hj5rty847h98fgn4fg"
  },
  {
    "coin": "BCN",
    "name": "Bytecoin",
    "total_balance": 0,
    "on_orders": 0,
    "btc_value": 0,
    "delisted": false,
    "deposit_address": "Cdsf45dfgsa54asdfg444dfgsgafd",
    "withdraw_address": "Ih4rty6hj5rty847h98fgn4fg"
  },
  {
    "coin": "BCY",
    "name": "BitCrystals",
    "total_balance": 987.36,
    "on_orders": 0,
    "btc_value": 0,
    "delisted": true,
    "deposit_address": "Ddsf45dfgsa54asdfg444dfgsgafd",
    "withdraw_address": "Jh4rty6hj5rty847h98fgn4fg"
  }
]