{
  "name": "angular-material-sidenav-menu",
  "homepage": "https://github.com/olimou/material-sidenav-menu",
  "authors": [
    "olimou <olimou@gmail.com>"
  ],
  "description": "Menu collapse for Angular-Material",
  "main": [
    "material-menu-sidenav.min.js",
    "material-menu-sidenav.min.css"
  ],
  "moduleType": [
    "globals"
  ],
  "keywords": [
    "menu",
    "angular-material",
    "angular",
    "material",
    "collapse",
    "menu",
    "sidenav",
    "side",
    "nav"
  ],
  "license": "MIT",
  "ignore": [
    "**/.*",
    "node_modules",
    "bower_components",
    "test",
    "tests"
  ],
  "dependencies": {
    "angular-material": "master",
    "angular-route": "~1.4.1"
  },
  "repository": {
    "type": "git",
    "url": "git://github.com/olimou/material-sidenav-menu.git"
  },
  "_release": "f7ebf8c561",
  "_resolution": {
    "type": "branch",
    "branch": "master",
    "commit": "f7ebf8c5612912898ad5d945a47d83e3540639d6"
  },
  "_source": "https://github.com/olimou/material-sidenav-menu.git",
  "_target": "*",
  "_originalSource": "angular-material-sidenav-menu"
}